<?xml version="1.0" encoding="UTF-8"?>
<project-private xmlns="http://www.netbeans.org/ns/project-private/1">
    <editor-bookmarks xmlns="http://www.netbeans.org/ns/editor-bookmarks/2" lastBookmarkId="0"/>
    <open-files xmlns="http://www.netbeans.org/ns/projectui-open-files/2">
        <group>
            <file>file:/C:/Users/ADRIAN%20PERCE/Documents/NetBeansProjects/project_Design/src/project_design/View_Event.java</file>
            <file>file:/C:/Users/ADRIAN%20PERCE/Documents/NetBeansProjects/project_Design/src/project_design/View_Announcements.java</file>
            <file>file:/C:/Users/ADRIAN%20PERCE/Documents/NetBeansProjects/project_Design/src/project_design/Admin_Menu.java</file>
            <file>file:/C:/Users/ADRIAN%20PERCE/Documents/NetBeansProjects/project_Design/src/project_design/Show_Details2.java</file>
        </group>
    </open-files>
</project-private>
